{"Ni": 3.401638502839863, "Mg": 8.406351519819657, "Ca": 9.842946283082812, "Si": 10.169516793007665, "Al": 0, "P": 0, "S": 2.103913656274316, "Fe": 3.0750685582333106, "Ti": 12.949470048166518, "Cr": 0}