{"Al": 0, "Ca": 9.842946283082812, "Cr": 0, "Fe": 3.0750685582333106, "Mg": 8.406351519819657, "Ni": 3.401638502839863, "P": 0, "Si": 10.169516793007665, "S": 2.103913656274316, "Ti": 12.949470048166518}